epoch,lr,train_loss,train_ce,train_dice_loss,train_macro_dice,train_macro_jac,train_macro_hd95,test_loss,test_ce,test_dice_loss,test_macro_dice,test_macro_jac,test_macro_hd95,train_dice_c01,train_jac_c01,train_hd95_c01,test_dice_c01,test_jac_c01,test_hd95_c01,train_dice_c02,train_jac_c02,train_hd95_c02,test_dice_c02,test_jac_c02,test_hd95_c02,train_dice_c03,train_jac_c03,train_hd95_c03,test_dice_c03,test_jac_c03,test_hd95_c03,train_dice_c04,train_jac_c04,train_hd95_c04,test_dice_c04,test_jac_c04,test_hd95_c04,train_dice_c05,train_jac_c05,train_hd95_c05,test_dice_c05,test_jac_c05,test_hd95_c05,train_dice_c06,train_jac_c06,train_hd95_c06,test_dice_c06,test_jac_c06,test_hd95_c06,train_dice_c07,train_jac_c07,train_hd95_c07,test_dice_c07,test_jac_c07,test_hd95_c07,train_dice_c08,train_jac_c08,train_hd95_c08,test_dice_c08,test_jac_c08,test_hd95_c08
0,0.0001,2.13671973557843,1.1542401163422824,0.9824796133619105,0.1729514851869694,0.1277328369445423,79.57237450296287,1.5804492204773182,0.610206521895467,0.9702426973654299,0.30113082868663077,0.22375974229692966,69.18319319384162,0.0975782887459593,0.06642436795868777,56.15731342888648,0.35757867194099324,0.24517601946133846,37.370377716318394,0.3344042784379505,0.25134130304124624,62.712998995132885,0.4183930758613227,0.2981357016359462,52.56530226565303,0.22328674521292402,0.1383378139550992,88.8599971698917,0.2747539975775362,0.1780513602932152,74.14289773933874,0.017548922307172792,0.010700875777482024,72.76597842604737,0.3521661934333938,0.2430424313321084,63.9208508028891,0.5236242515085928,0.4327405497341854,68.75170392099754,0.6968338219580491,0.6017504225650675,28.720213765760434,0.0030807109624897224,0.0015576092717312308,94.58691329137712,0.0004530179742546167,0.00022765021375498144,49.72956226369163,0.1764344557753856,0.11649202457689517,54.91598518659006,0.3088678507474964,0.22369435287400666,73.23520629522804,0.007654228545280585,0.004268151241011366,137.82810560477984,0.0,0.0,173.78113470185352
1,0.0001,1.397236253857397,0.44272371364006297,0.9545125396514672,0.33688633726371314,0.26584770396702884,47.41490194874338,1.2474175235446618,0.30472914787123395,0.9426883760155463,0.3837001228711585,0.3015242233222731,33.46582933332597,0.4272211289927056,0.3289805489132334,36.218600729226175,0.26478072961597365,0.168468822573653,54.27283206547558,0.4504336929771819,0.35106808800258865,32.759470171041905,0.6051921215437499,0.5008249978320992,13.656119087265937,0.46939541981440136,0.36943816613848424,57.34620358580496,0.4054359716538241,0.3256983745506903,20.210765521429654,0.3544120527199489,0.2705906052396284,46.03345501562777,0.5363262200997584,0.4145294526327864,48.3538609738381,0.5416856509083189,0.46549443432638143,30.248950639976186,0.6277649250125448,0.5385802889048182,19.59170625111083,0.04460443306107617,0.027251757466330108,58.92829698285331,0.10455860738688819,0.06914099582544939,46.495094111841375,0.3633117754716775,0.289145311474391,67.94579371694881,0.36968220578950184,0.28307314421664576,27.27659517061411,0.04402654416439481,0.024812720175193592,49.83844474846792,0.15586020186702745,0.11187771004204229,37.86966148503214
2,0.0001,1.1561210645905025,0.24924406309563255,0.9068770007673267,0.495557181258551,0.396595216484247,35.761919325273084,1.0839292799331703,0.1971968150488576,0.8867324599806143,0.562911051914445,0.4559997161859665,30.2841741283773,0.6658035118346075,0.540961028152742,17.803867890568018,0.6316282696036752,0.5102749768804228,29.7828163121688,0.42537636977565174,0.30511995536894687,55.26616094858777,0.5157928557599671,0.3852506363105727,32.87112086476882,0.5797537139873317,0.4831184809286835,28.377773586988592,0.6108384538933036,0.47912373047775414,33.33851102172617,0.5430514108581722,0.44278932279458144,29.250361779513568,0.7286978326233476,0.6294284620897632,24.94543869492749,0.632204364458942,0.5527098187160072,36.43060301181826,0.797476677417498,0.7264486209113257,19.99839402444637,0.20192692401038717,0.12016744515243864,39.29911166221871,0.3337138775154359,0.22700451508841044,24.263085096504362,0.592589064453353,0.513386371469046,44.70453838363766,0.6350086710207661,0.5232039364770853,38.55865301065978,0.323752090689963,0.21450930929153078,34.96293733885204,0.2501317774815662,0.16726285125239795,38.5153740018166
3,0.0001,1.0344083883663198,0.17043569852441387,0.863972689208674,0.5915482170514034,0.49978000558979413,26.103947350318634,0.9783761075564793,0.12664404087604916,0.8517320674597001,0.6382119715020964,0.5366642236279096,21.55971653955468,0.7140479594645907,0.5949161850982737,11.150270515745225,0.7637158662088885,0.6497416003118275,12.932994564512901,0.5114252951603083,0.42275437380247743,23.146259399013452,0.5558023967501546,0.43128722208806136,17.850528476443316,0.6291847268584706,0.5604263408835881,21.17961356511861,0.6813160573457772,0.5691368309907793,32.295675768672744,0.7037817118805101,0.6288125262192151,23.031123150250895,0.7155319210354194,0.6288302541690227,9.700346960991302,0.7223640839585291,0.6463199616288593,32.56201573499464,0.7846085192555243,0.7240074655489664,14.632030907346282,0.3589861952025714,0.2346155439912196,32.415822122154864,0.36026624584618855,0.24072608650745575,33.03795562680028,0.6688445539897736,0.5917675497284268,32.820860403410286,0.767269679334827,0.6892708772275103,21.52048603473154,0.4237512098964732,0.31862756336629255,32.52561391186109,0.47718508623999134,0.36031345217965216,30.507713976939073
4,0.0001,0.9604574655322442,0.1298100369027521,0.8306474295490258,0.6588384527950248,0.5608542030415165,23.396058363684972,0.954319566488266,0.1253384366412932,0.828981131467284,0.6259874568987539,0.525005892023134,24.21263628105051,0.7897737485193845,0.6820824315358133,8.446045738350195,0.7942806035902522,0.6940111125029084,10.541524336889516,0.6943660668198699,0.5737877401424459,15.975849976848613,0.385509482905806,0.2643348342728533,40.81311215037082,0.7276590332016376,0.6470484694111481,22.90081563846703,0.7655247800262763,0.6891203601071697,12.775028704393193,0.6814474330996463,0.5974970919184976,22.85464808400543,0.7660768895028945,0.6807217931131617,10.845765749144848,0.7331679358571612,0.654028384757876,23.554410269345052,0.7377025653004229,0.6468445370704744,22.448045682809365,0.4423495773509666,0.31172156199648055,27.393430970679287,0.38144973032494967,0.2657256488946855,21.75851077362645,0.7631325003723392,0.6930873082845813,34.27073495889669,0.7301973345827315,0.6384730252217221,37.37308544448895,0.43881132713919385,0.3275806362852881,31.77253127288748,0.44715826895669825,0.320815825002097,37.14601740668093
5,0.0001,0.9129050244690066,0.10801436054178432,0.8048906632400982,0.6302401775599866,0.5430397968876265,23.286895822243704,0.8904220546994891,0.09099088170047735,0.7994311701278297,0.669047727449201,0.5686871808233378,21.708832489014323,0.7764494516468547,0.6837957625558593,7.969747841767125,0.7136714748622027,0.5995173330130489,17.71926240962033,0.5844695120255728,0.4659645930906775,21.903395013756583,0.5740949349793274,0.4409695560739643,24.598173692932043,0.6292122576204112,0.5494598811110807,31.402730600232974,0.7250083958085399,0.6459281033531475,11.068949262600583,0.665942150063306,0.6040254156786913,27.314173807230276,0.7618231527468446,0.6798856140370674,20.52789391021502,0.7519140688678956,0.6851810107906998,25.656365287621426,0.8484489382607183,0.777240862512551,33.6695397869826,0.3468426984196946,0.23536568314621842,26.95529802215651,0.4474053376696597,0.3134201751724319,25.326538728855937,0.7874401284354103,0.726221795336527,15.333928608540566,0.742061290404206,0.6658106446677107,10.498687857483105,0.49965115340074856,0.3943042333912579,29.75952739664417,0.5398682948621095,0.4267251577567805,30.261614263424963
6,0.0001,0.8054445255514079,0.1207450624735551,0.6846994647173511,0.6565269997685659,0.5605719862514531,20.97479818039435,0.609289423847685,0.11057787994546484,0.4987115441840522,0.6375845986971294,0.5385400775784005,19.531694646742856,0.7528302221041069,0.6440607119979107,7.861889941432596,0.6955893669249825,0.577455752654278,11.553591478077905,0.6027715907211998,0.478356783354099,16.75390165811758,0.5568290748990596,0.4442453472894607,12.82354514122407,0.6739462737938927,0.6011598903373537,21.988681365517618,0.651806629568829,0.5754400070428162,19.14341687358537,0.6955621352503496,0.6105937396135154,23.184701573991678,0.7220726435431472,0.6350927462027498,18.175579417040165,0.7434402787164248,0.6796836124006294,27.489058772216087,0.7817928860093157,0.7163870695157967,17.445778913373424,0.4207276904086137,0.2923191927184214,27.525266047887005,0.4579011354794453,0.3273356440114461,22.852436463195613,0.7810427261637473,0.7144777248160666,14.442010422655462,0.7025244316737432,0.6263745406372524,24.653165865739762,0.5818950809901926,0.46392423477362826,28.552875661336774,0.5321606214785125,0.4059895132734036,29.606043021706537
7,0.0001,0.49030840379366175,0.16611020989605085,0.3241981948451366,0.6368457944957225,0.547274558172157,19.57887737045001,0.40479765636656356,0.16497464096650155,0.23982301457994143,0.6460207312349936,0.5582853965289457,17.530529674719403,0.7800079484853217,0.6860313988771813,5.66690551089812,0.7821871972288696,0.7009287187921682,4.347221954144742,0.5282890326226355,0.4518304476798313,5.911994231151275,0.5850984722758353,0.4817769265187132,26.665522434623124,0.7384560027621313,0.6548315200090972,21.30751221640141,0.707736227823981,0.6383383895989353,12.304934549191126,0.6038338400267145,0.5249970037996591,20.314809435198033,0.6300573716920367,0.5590233239239677,10.674985492131905,0.7726504116412629,0.7010049627596785,23.67103043856351,0.792821144097454,0.7236204966711971,21.63513971642443,0.36180805140725647,0.25584381096087,25.138346317649905,0.440974737520872,0.31148869347316704,23.680256561916476,0.7117330125935911,0.6349960841656694,26.915732587883287,0.7399730993484381,0.668794348875281,17.51629551838983,0.597988056426867,0.4686612371252686,27.70468822585452,0.48931759989246193,0.3823122743781362,23.41988117093361
8,0.0001,0.3420006890745857,0.12990453248898726,0.2120961563537069,0.6760258646724867,0.5871003682133888,14.445537760747083,0.33431340682282285,0.13614349521509903,0.1981699096409566,0.6264797417604169,0.5405847072817186,17.366394313388945,0.8269748652436127,0.7282683656271105,6.223279433644406,0.7820957659491967,0.6982956876704243,5.3525001424308725,0.604421241725016,0.49849825122688174,5.523065909418228,0.5018411130821415,0.4112901302794472,6.561149256786996,0.7015201503163454,0.6406630264102852,9.39225761092957,0.6661389212960767,0.591991034249531,25.16540770747578,0.7712809540749592,0.6972335164297151,11.903710064037503,0.5699124015449778,0.5120168625810636,8.895333465677865,0.774373154561273,0.7118736580172135,22.659952858947683,0.7417880385586495,0.6806749639422455,14.58245428130849,0.4476070521245374,0.3221404457470067,19.55785383668844,0.4246999369772585,0.2985392743323226,25.122263022216966,0.6910644459298552,0.6290326925610076,16.88200024135158,0.7190421434798492,0.6388574983785159,29.17082926826654,0.5909650534042948,0.46909298968789087,23.422182130959236,0.6063196131951852,0.4930122068201987,24.081217362948056
9,0.0001,0.30142968578119284,0.11998645565233204,0.18144323047971317,0.6506158527883381,0.5640017040237806,16.440066354553622,0.3290281818124789,0.13554554194238347,0.19348263923002748,0.6513410903546634,0.5523901251790864,22.870856962243174,0.8281297812336122,0.7378554739908515,5.55976640888269,0.7992392633729063,0.7024884914922698,5.506366003522596,0.6388787380689159,0.5245604761734353,5.822943674738258,0.45590526887461125,0.33001508713261035,41.51043754738647,0.6379501748128785,0.5790497479300439,18.113521634728407,0.7579311244036887,0.6686593397112858,19.617207216473492,0.6740870284766658,0.617307798200208,17.84092307106955,0.6749983341987444,0.5850254875451965,11.410418795430195,0.6463441001561195,0.5837779870483385,18.875756625145016,0.7971283447629296,0.7310063354142904,14.832066382578784,0.36445308503492885,0.24862366044945833,24.574644876506493,0.45006315058726504,0.3176254751310939,24.61729973400833,0.722334242677396,0.6580096190280561,15.753420648842694,0.747015707689118,0.6566835925985323,41.12064431844429,0.6927496718461882,0.5628288693698528,24.979553896515874,0.5284475289480439,0.4276171924074121,24.352415700101243
10,0.0001,0.25820559538584237,0.10503570892352017,0.15316988696524397,0.7129237479314621,0.6261929002256199,12.251198794140603,0.35185738837783587,0.16813173307026366,0.18372565593893583,0.613661999797148,0.5299696034611188,21.154914882041673,0.8680946009555311,0.7781865749411045,3.288752617239848,0.7371310994470418,0.6639826266585411,4.395330865049103,0.5444291093822078,0.4403600152396463,11.648753994953248,0.36331624809737906,0.30880626999895083,5.125553791336694,0.7955732874986836,0.7359635830649605,10.818528523783252,0.7694266904792558,0.695217904739114,16.93390187332909,0.6854772696435285,0.6149363509639952,12.254766463648966,0.6621701725182785,0.5997383891029061,8.492877075547405,0.8094792958729478,0.7506539020258869,12.523208764309047,0.7512649376918522,0.6765188520593558,17.304424415571,0.4476431928387432,0.31328213503715413,22.71649063539243,0.4261690842827734,0.29992175951491973,25.159159061502045,0.8558144399064401,0.7945949531533087,6.164778127781142,0.6056924911038374,0.5073420626633658,68.5123374869449,0.6968787873536144,0.5815656873789026,18.594311226016888,0.5941252747567652,0.48822896295179735,23.315734487053184
11,0.0001,0.2520862520263138,0.10412539556072066,0.14796085673540993,0.7281357119555447,0.6401277325736294,14.271326090786648,0.32034394902780616,0.15318979688304113,0.16715415281110577,0.648758399338287,0.5605122869759017,20.928111515997447,0.8828279269173075,0.8025181794503121,4.177080046404301,0.8673255956108931,0.7845746399126045,4.1091878892046205,0.6222129322573233,0.5230654926863662,18.846700640655566,0.3832751031734507,0.27364187777625376,38.626483586407815,0.8403278054575802,0.7615740760362418,9.983100343351467,0.7511295433353572,0.6841360999260034,13.61159654584467,0.7668055942655242,0.6915555514142033,9.476770366110648,0.6986701414622788,0.6252706476797075,14.545674131406438,0.711533720970979,0.6602167699631258,17.95553768796601,0.7636317154629644,0.6982863317314568,16.886835079982536,0.4345859851140444,0.3023285793648048,23.974989038484825,0.4404948909349274,0.3175216224127059,22.219093583317342,0.8424220319276087,0.7650971303967911,11.530821946732098,0.7343473187233813,0.6565566894737545,32.63561553080078,0.7243696987339909,0.6146660812771908,18.22560865658826,0.5511928860030442,0.4441103868947271,24.790405781015377
12,0.0001,0.22402247609856923,0.09253646071064027,0.13148601541453955,0.73742912044699,0.6519512464128556,11.371987989209632,0.2514528665401764,0.1172301204037628,0.13422274752520025,0.7043083733531201,0.6188172077034475,11.679578700875648,0.8601003111385663,0.7709173948377275,4.653154478505075,0.836376433545805,0.7639675493335655,2.4877191036060164,0.5404757319866033,0.4321801997939483,13.93451994960676,0.5629598544009202,0.44063614770707,7.118050984631397,0.8774160514248895,0.8112424881786183,3.997803538506265,0.8053911830113887,0.7328034936429906,10.285568863398929,0.8472816122348524,0.7763939922000671,8.717508406425415,0.7098955694583664,0.6420033602614734,9.399337585575616,0.8417474080214707,0.7866025328324188,13.389567166443495,0.8586663686548957,0.8020975336861652,13.874810916610981,0.4555737657339431,0.32735716609445137,21.972672919250552,0.46009493850905764,0.3377897857396976,20.54300242521744,0.8415575620995015,0.7799715236754294,5.667521803339362,0.7971303027026055,0.736642487673904,8.642277264756238,0.6352805209360933,0.5309446736901842,18.643155651600132,0.6039523365419214,0.4945973035827136,21.085862463208574
13,0.0001,0.21151966151316562,0.08652018011791959,0.124999480567886,0.7460647589850317,0.6543235691208675,11.494475614718493,0.32035737555671234,0.17403442112058312,0.14632295540590978,0.6278639917548544,0.5433115515614857,17.85757513875575,0.8680634315062259,0.7793195704843684,4.478652564686333,0.7595410804684729,0.6874791671853141,2.5259641426633,0.6477310500412296,0.502492236581517,7.863325739309066,0.5282707570444156,0.4161077204359953,6.587559891099649,0.7113428477806615,0.6443337554584624,16.261681286266587,0.6595843169748087,0.576139931773804,21.95368421364296,0.7922927966241747,0.7141286060571956,5.978674510888528,0.6116091371270618,0.5379288027372319,26.68005434781923,0.9107438839144929,0.8576267716006132,13.788035950456702,0.7955793759709288,0.7414497358068026,16.043923025527782,0.4252105352634697,0.2896655800499849,22.997766367881816,0.39637802303766023,0.27741559480560307,23.567991851525726,0.882848805713854,0.8215580582764046,4.483956141089887,0.7498813200949801,0.6745731809279173,24.70790555118963,0.730284721036145,0.6254639744583932,16.103712357169012,0.5220679233205072,0.4353982788192173,20.79351808657771
14,0.0001,0.19340253365015575,0.07840278880727976,0.11499974465041436,0.7191392500191767,0.6429602522743016,10.774760841337892,0.28670622347450186,0.13563211184971147,0.15107411242147184,0.6819882014438057,0.5939043629134404,17.41744687643541,0.8795811002374863,0.7942394765686669,3.5432144629323465,0.8207336415898403,0.740724705165407,4.924841804213632,0.5361855380926799,0.45547341673561803,3.865888571327817,0.5066684266137492,0.37871592985549685,29.652719587761915,0.8239382025355655,0.7653065635436354,8.213067480473372,0.8109565189552859,0.7363164482775015,8.40280360249908,0.7973670525513634,0.7346178076377268,11.17636200034083,0.7449291709954191,0.6741498349973061,8.666114624877897,0.8126740703973815,0.7570057674099824,13.95550190881945,0.818641826012877,0.7549125904341119,20.460473990677862,0.43277350404437986,0.3086731462964548,19.37539810572118,0.40725768438249665,0.29289676275099186,22.357792932185532,0.8114957712210594,0.7707149321223091,8.941438463070442,0.7595047491512493,0.6899056665706897,22.59231695217003,0.6590987610734977,0.5576509078800203,17.1272157380177,0.5872135938495274,0.48361296525601816,22.282511517097323
15,0.0001,0.1881193023395622,0.07762193191975585,0.11049737076310417,0.7318015283363672,0.6496351699723069,10.921291504817013,0.27111622443088873,0.1358268395925566,0.13528938323487433,0.6792873291557888,0.5887028739918378,14.904446789761607,0.8643513902640083,0.7785266039586772,6.126905902895875,0.8232553924971067,0.740223689133869,2.8309678749755602,0.4672796773362849,0.3937580761034948,9.971133559639316,0.5768342965730833,0.4568841933082397,10.98646820328037,0.8139345712933407,0.7478588815422649,3.8640828299919687,0.7905377053945336,0.7114951477203008,16.10949510706842,0.9030991712699635,0.8302238038989271,6.636399390137442,0.6587674910047343,0.5633327630787527,8.997908800303115,0.8784974401404114,0.8248893458016661,12.31343715639745,0.7990083732820518,0.7419929741342077,16.33717672493241,0.48594554106627846,0.34958831590553163,17.844749683479595,0.42959239996240783,0.3022880444737055,24.471277056318765,0.7605223984102631,0.6995870288191575,9.34695078401948,0.8149979936260233,0.74883701588104,16.279650591813713,0.6807820369103882,0.5726493037487358,21.26667273197497,0.5413049809063699,0.444569164204588,23.22262995940051
16,0.0001,0.20049821645476995,0.08199626571828662,0.11850195081995474,0.7096702199497041,0.631777580696661,12.402625813840562,0.3048518999831333,0.15395135658985357,0.15090054320171475,0.6301104337865546,0.5419741736078193,19.820791861101128,0.8592524280138778,0.7837488269013162,3.3437027945551945,0.7499807648448134,0.6821405878974115,2.611202070665695,0.2557670259333544,0.2027179877430009,10.335026143503688,0.4816077482520767,0.3510122491538773,26.584829788794973,0.8274130157357654,0.7636889543171106,8.006910209413135,0.587832888024091,0.5162129655187963,12.197267378846153,0.86099044159937,0.7887043573220438,8.164865927901925,0.6991613889549564,0.6098041298996361,30.853577414928218,0.81359279896762,0.7549805171289036,19.184270618555164,0.8329820582289644,0.7739371809462936,19.09104052237988,0.5116162515843347,0.368222290913234,20.156697314672574,0.4358203230985619,0.3146417182544721,21.7363522359398,0.8675542026397388,0.8192304762622772,8.286633900360089,0.6635303073728154,0.5994566719065587,23.307403993957116,0.6811755951235718,0.5729272349854014,21.742899601762712,0.5899679915161576,0.48858788528550867,22.184661483297184
17,0.0001,0.17551065324725681,0.07217362303145067,0.10333703028519804,0.7086545632212472,0.6305901193044343,10.327559665942065,0.2785849989689138,0.15150140403954582,0.12708359388444496,0.6804856534844291,0.6037794204832062,13.346290607846843,0.8559395037084937,0.7827004300490028,2.566502825085256,0.8222285504688261,0.7471341130769237,2.8698386012862995,0.4365320437365787,0.33990910136865815,10.458345642498225,0.5403519822616684,0.46307309293485843,9.002088101541508,0.7242568897080761,0.6584183990058862,7.974826690354594,0.7276124843899576,0.6690775059210052,9.22883490394482,0.9200320827036736,0.8575207183293536,6.5685771857084605,0.7424945793098195,0.6691548172252535,12.535386352126979,0.8067494378938302,0.7541829423977799,11.190387094311008,0.8199499425899615,0.7676966434062402,12.867016982872304,0.4259411945803075,0.3029396728844015,21.55149389537084,0.44779227000336935,0.33135751896335575,19.73536202675998,0.7440697891245901,0.6798339593271411,10.465867706895123,0.7736890871262202,0.7061794171731575,19.89480277801244,0.7557155643144279,0.6692157310732512,11.844476287313023,0.5697663317256106,0.4765622551648553,20.636995116230413
18,0.0001,0.17646840136764727,0.07185312009983563,0.10461528169136043,0.7854161833659887,0.7016715105071893,10.074510064420243,0.24194705360943253,0.12027393423198252,0.12167311972957484,0.6958226161461349,0.6090644284502497,14.937948821795413,0.8737729890267328,0.7947694947211759,4.107331230373403,0.8216574655486673,0.7266393165112357,5.359025227692756,0.697012388773192,0.5736884269825705,6.538245320097291,0.5469832882612526,0.4502186846663236,14.051686860409102,0.8789303273514839,0.8074050998243046,7.678560538029372,0.753649615990762,0.6817401627217541,9.211938745296765,0.7813337278975075,0.7117261217861077,8.982463035183681,0.7403652978150813,0.6538943534195609,20.953631496490896,0.8580506216368354,0.8096232071075662,16.739008602540363,0.860770545533611,0.8041591515863068,14.38645083623431,0.6058071466141965,0.4736009035414826,15.031306175141983,0.5028458257819216,0.3721619063491842,20.11176895196597,0.881400173126211,0.8369600126819982,3.848831671545977,0.7524382402516852,0.6859139956987415,18.06679743629336,0.707022092501751,0.6055988174123086,17.670333942449872,0.5878706499860984,0.4977878566488904,17.36229101998013
19,0.0001,0.1855472051716413,0.07786070053952643,0.10768650429387312,0.7524307359585642,0.670046183843168,10.489743160480575,0.22116884117327126,0.10013586516262472,0.12103297601796079,0.7132675590736374,0.625137098619885,13.092034345390065,0.8609830674829405,0.7784502504222652,4.742267470912781,0.8375054383191419,0.7518276508255317,4.369922163789929,0.7008075944310947,0.5987896404349344,4.290749397734383,0.5603757577158415,0.43523250918671397,14.388747230502682,0.8310969181031734,0.7622935639003153,12.182010915143337,0.7830790159634206,0.7168757987253958,5.580684518359466,0.8303461705335632,0.7587410208992714,6.258541127846481,0.7875318829829634,0.7164925016627489,14.885283060212052,0.8134936008505035,0.7697306376487786,10.311104127266342,0.8696085664703569,0.8196386407458173,11.770110803241806,0.512867893739695,0.3754603837124877,14.47635977886319,0.4689830309034013,0.3418609308207796,20.415909487524257,0.8087271511901012,0.7591742710606774,14.840119373913206,0.7995856724980974,0.7395713772157417,9.258302323382987,0.661123491337442,0.5577297026666145,16.81679309216489,0.5994711077358765,0.4795973797763514,24.067315176107332
20,0.0001,0.1551058654856336,0.06261804365305088,0.09248782222952431,0.7533641287504673,0.670838431173038,11.400406846582463,0.25208883406208327,0.1304985960213372,0.12159023775091889,0.6997251559571139,0.6208408174783584,13.915655145863456,0.883387366960351,0.8004009713153497,2.9625896605147513,0.8224503861289892,0.7516199245825671,3.7111918397596275,0.7649699063823825,0.6368038622206127,7.2828427124746185,0.6121936283266427,0.505858586547601,9.426151067641502,0.742528946130169,0.6788706461333279,16.09032455999514,0.7690549890706715,0.7060515077215049,11.007920104176847,0.7806502005294227,0.7099460002213094,13.746628287433932,0.7126799364256565,0.6509998633736608,13.158098615168077,0.852792489606482,0.8036932857016789,11.98679144274061,0.8385297455966847,0.784696739531954,17.680290085349178,0.448027789571848,0.31624836066870887,23.362058495768057,0.4443986559610845,0.32154932552342913,22.510368551310634,0.9543877699757607,0.9142814076219445,2.330995563752993,0.8223031632655502,0.7614872904606161,15.878542894687918,0.6001685608473225,0.5064629155013723,13.441024049979598,0.5761907428816323,0.4844633020855336,17.952678008813855
21,0.0001,0.15809198775108496,0.06367213045810692,0.09441985742308563,0.7495040911472675,0.6624110285102932,11.11456679729936,0.3315914155195505,0.19670152274722894,0.13488989264457202,0.6197668142218513,0.5377495464989492,20.16739050353414,0.8992387728601983,0.8234882977329376,3.3268225469277297,0.8065486863480031,0.739051657993348,1.8388313288498488,0.6383970139393443,0.5267167691105696,18.007185917735324,0.46430397515732535,0.3468756626748011,19.121459650640904,0.7609708695767595,0.6938852945552301,3.46641171825558,0.7045531310394213,0.6157795623220867,28.585023962156118,0.7684386809748025,0.6968945527410728,9.629055383965241,0.5102284133473176,0.4612226688551168,16.828399780329725,0.8556645136908724,0.8010880875188787,12.813406604552734,0.7292961106618413,0.6741538006124312,19.45519901261354,0.49972750814539535,0.3595505071904749,21.595620397109364,0.42251577612016683,0.3055068978276555,21.86011898712321,0.829163977839373,0.771438859142423,5.449979759882618,0.716659439982302,0.6429365507803257,34.115759651738585,0.7444313921513946,0.6262258600907586,14.6280520499663,0.6040289811184336,0.5164695709258289,19.53433165482119
22,0.0001,0.15401054068813125,0.060765057771889376,0.09324548327133302,0.7846004326899847,0.6961803957224365,10.273761729736567,0.30651187534363555,0.18891686574852856,0.11759500878349859,0.6615969470310334,0.58699379025362,16.180773482099113,0.8698614792682083,0.7927948585544227,3.4825136098878176,0.82917526760973,0.7647734393573105,2.5816760145114466,0.634785841472355,0.5178635244836717,13.00274526212445,0.4440135789492695,0.38635041330608033,4.682382199902838,0.874700888768675,0.7929354070137435,13.769364743732439,0.6774601327420418,0.6146720344273405,14.239832931636126,0.864001624664445,0.790505751222544,2.8990553443635467,0.6741917249371736,0.6098942943429779,20.40003942981407,0.8759546128224217,0.8206368402766083,11.715568675688083,0.8027886864107967,0.7470253602879151,20.118524051735033,0.5194116522900467,0.376579965966905,21.207252249674397,0.49897645802725166,0.37621585375249883,19.409590232548595,0.8837713751302497,0.8343238685507405,3.240195052543486,0.7217883169381405,0.6543722945865397,29.973304967051636,0.7543159871034757,0.6438029497108566,12.873398899878316,0.6443814106338637,0.542646631968297,18.040838029593168
23,0.0001,0.1451181751568225,0.05925420332902132,0.08586397165833395,0.8129687401186871,0.7318420044288134,7.445089486440721,0.2551224139624166,0.13515263791266488,0.11996977492140568,0.6875644651478722,0.6049199845799098,13.76485562985936,0.8708279529481111,0.7927006835999151,3.3436847736671496,0.8335143667439385,0.7629013262311725,2.3886649511323514,0.6809086067876956,0.5593966258279574,7.191049064181488,0.5640857656495797,0.4516848200564767,11.169114444709727,0.8856635123172177,0.8269298449890112,2.570686880603461,0.7067044752484832,0.6471851529579377,11.947252603776706,0.90540991788168,0.8338818531352606,8.278748841016979,0.7176493200058256,0.6521918789922542,17.44171376449613,0.88688319969744,0.8372782783533452,8.365664938956227,0.8505420437129453,0.7971998167193721,12.803073377750598,0.5787995492076807,0.4442063185313241,15.800641213375629,0.49107717873171514,0.35435118739402677,21.276716500761214,0.9047785995817129,0.8638168206074112,4.157688642938422,0.7125126089368151,0.6495790029432779,16.4815281352747,0.7904785825279593,0.6965256103862829,9.852551536786413,0.6244299621536754,0.5242666913447611,16.610781260973464
24,0.0001,0.13548527130801113,0.053798460075459575,0.08168681136334137,0.8107266556826254,0.7282112401198444,9.134484325472936,0.24101678552302028,0.12821558570635097,0.11280119942729266,0.709076764623988,0.6280681240534702,12.736366134319798,0.9122471393680794,0.8454908296871637,1.5529048479272924,0.8569035782996408,0.769148090011069,4.0717947035529,0.6807135393025846,0.5668021411843861,3.52457335453817,0.5917338717708642,0.48456604399791225,6.754485736802817,0.8876217544899185,0.8272394577801974,4.325253077260261,0.7586306329700232,0.6910539348832916,17.71905488226925,0.8748771775664507,0.8048077083803042,11.60345355697289,0.6502171731038561,0.5946372503489493,10.539538932171197,0.8571003104639473,0.7992900350529123,13.200102732649036,0.8483098621363575,0.7991005969253211,10.703695388177499,0.5461762246992163,0.4111368988465647,18.823942310368608,0.4862125868757003,0.36741073805386754,20.503008482191255,0.9409905907081956,0.8954618330090796,7.5814931964385925,0.815446087970768,0.7502200897676573,14.744415750629406,0.7860865088626112,0.6754610170181472,12.464151527628642,0.6651603238646943,0.5684082484396937,16.854935198764053
25,0.0001,0.14302395846337673,0.058119272524787116,0.08490468591795207,0.7676662927719127,0.6832225207951401,8.70431523272727,0.3215868526818222,0.19661551698223542,0.12497133520735922,0.6430263240735562,0.5575591486665106,16.172594738002417,0.8848749798741143,0.8111008292111412,2.8602165708692926,0.8156461896806622,0.746147245508168,2.377534228185177,0.6844702406541574,0.555172915164728,4.287894581663032,0.5563583478356751,0.43549914573404075,6.837133496794843,0.9175978856100014,0.8569263275174827,5.037189566416697,0.6927751186077881,0.6178205782285507,13.527729638550962,0.7983706228299899,0.7329422559955108,6.284331217286864,0.668675537784438,0.5896584508852418,24.23325779445269,0.8732152284923718,0.8199812142692408,9.004149994970494,0.8437100099932987,0.7762272358084283,29.562431007897555,0.5280800718980244,0.3845967073388284,16.227708895323712,0.4889287068781967,0.35692486245514066,18.34887310214899,0.7819259354746623,0.7346176818591951,7.5541270337197295,0.5093846603011261,0.45800392839308773,14.528709794899074,0.6727953773419804,0.5704422350049945,18.37890400156834,0.5687320215072652,0.48019174231942596,19.96508884109006
26,0.0001,0.15147252887296683,0.06096636462668784,0.09050616414149781,0.7866481716096766,0.7004476417655681,11.489642715947392,0.3141564759690129,0.17375076722172966,0.14040570889067436,0.6597312324631572,0.5785780457775979,16.246855679984975,0.9040408452278161,0.8337118744755719,2.9530311297265723,0.6661206115799571,0.6091094145884083,2.164108698493581,0.6616375461559091,0.5407875592722848,7.929628815962667,0.5681867151729959,0.44601409317441115,22.369618328489096,0.8625847347586418,0.7864784741411647,4.586062209641762,0.7245715405719562,0.6605792118764944,12.494402601340354,0.904362476673861,0.828796404935508,11.186067904352665,0.6832210095111958,0.6256087947398332,13.107843178737449,0.9299319544674799,0.8752462235055471,15.813437512629045,0.8523403890410042,0.7891739097605027,21.35764213450704,0.5316622591095751,0.3808117237992844,20.22345651092399,0.4595720459768921,0.3399429294072427,19.82889190841547,0.8774101605094385,0.824066327702691,4.680605291241949,0.7074687101782995,0.6483165404540123,16.564469871864997,0.621555395974691,0.5336825462924928,24.54485235310049,0.616368837672957,0.5098794722198784,22.087868718031803
27,0.0001,0.12513589668770786,0.04832425269498896,0.07681164384278963,0.7655331139903405,0.6803281352743833,7.907056074447378,0.39755852237267764,0.20940570995744698,0.18815281276344037,0.6879813597482266,0.604731358042121,16.30193498627768,0.8836587070547425,0.8172338448240273,1.5495658054906292,0.8719964994614766,0.8003051478679449,2.6212112750376697,0.633498916865527,0.4906875916248875,4.392515927801931,0.5190539796747973,0.4336741184192435,6.11472380069828,0.8844463747056852,0.8206135650704925,7.894671350090127,0.7407929489601498,0.6743558707972194,10.685306331768034,0.81555283657532,0.7574173839825157,2.885493164085759,0.7091409530365167,0.614766203719655,27.117404027224165,0.8481634918738215,0.7918429394445036,7.095038298609618,0.8405904417688822,0.7806997748597662,14.340198923703069,0.5233336277499807,0.37683445635784135,19.78686139013502,0.5227522937435294,0.4013848547446427,17.180690845762676,0.8260275409844863,0.7804560586500746,3.680914325693891,0.7585210471650778,0.6776020628241766,30.717910255912333,0.7095834161131608,0.6075392422407246,15.971388333672047,0.5410027141753833,0.4550628311043198,21.638034430115194
28,0.0001,0.13165950088080305,0.05349736170450801,0.07816213892122721,0.7998253119940184,0.716232549178488,9.293405511738408,0.27707830852025894,0.16585567326077164,0.11122263413948977,0.683076769631948,0.608135355804989,14.885134872758096,0.8808451368820706,0.8109136268774458,4.434700895025866,0.8405720619949963,0.7762142466753267,2.0653767137994157,0.6522118824254748,0.5437778377750632,6.257749489604225,0.5284197765211944,0.4293496605857537,16.23712834776434,0.8930668754876049,0.8121153010532085,7.342866886225319,0.7442533099534161,0.677017807576743,17.664915502226066,0.8347548756661503,0.7606354208488849,3.7895316567362247,0.6587676167555767,0.6043028865986753,14.162346923824213,0.8739565765893986,0.8233550736470671,14.178518088673906,0.8350498523019361,0.7811184146381268,19.017119731768286,0.5379332965484726,0.3948890104930528,15.50108742816375,0.47647679919126523,0.3630551138016651,17.962435532542422,0.90169421204737,0.8554616321301968,10.463433026599118,0.7982959424225714,0.7341847970867336,14.733656014222685,0.824139640305605,0.7287124906029854,12.379356622878865,0.5827787979146266,0.49983991947688783,17.23810021591735
29,0.0001,0.1262643741747475,0.05078230315481285,0.07548207092767491,0.7577494760322185,0.6805278495544524,8.40605394857996,0.220022859645371,0.1077350374131668,0.11228782197992716,0.7193003571998235,0.6379848394863121,12.338368784157195,0.8848019193750295,0.8083262424731789,2.9137014853484398,0.794478091381284,0.7276294310727256,2.346864750763711,0.5185444347519442,0.40673794590689993,4.516717755228592,0.5569303643888607,0.4352328731525817,7.85670692983283,0.7977148449771383,0.7394716320591936,11.653147252474806,0.78468941357458,0.7142015444709503,10.803731695667105,0.847745606585237,0.7880681841573808,5.513826121286795,0.758460221059831,0.6992121854357487,15.225534768504257,0.8566495722369665,0.8068446256085381,9.191220136267907,0.8540892122132517,0.8078521253971929,11.266657258210138,0.5262004519437579,0.3914085847556354,16.130037369263096,0.5111131414341838,0.3796551872657525,18.984752363331282,0.8733695763100343,0.8354078984331567,3.3498481191115483,0.8211615116782967,0.760903172704416,15.872663371125828,0.756969402077641,0.6679576830416368,13.9799333496585,0.6734809018683006,0.5791921963911301,16.35003913582241
30,0.0001,0.12795813990565616,0.05124617919053474,0.07671196055455407,0.7592931678351421,0.6783271308938146,8.574061580254833,0.2527081267011714,0.1242155343630871,0.12849259155099185,0.7194265887020375,0.6364046970669542,13.277574757089027,0.9097903692569954,0.8483877475082074,1.716561887926402,0.8300441352678686,0.7619616196492462,1.9146804949271001,0.5786984947753487,0.46303011784455284,5.629141872598975,0.5988598456452693,0.5056488708187665,4.705026141022099,0.8136596721355847,0.7563389081122853,2.5045156652043863,0.7230078779142842,0.6416073078226372,9.333837167363464,0.8476022523352565,0.7787402982033836,5.458540573705332,0.7604356497784638,0.6831835245234706,23.2359191699945,0.8614096603778543,0.8167282683988378,10.446978825072698,0.8595851169759704,0.8070650226262225,13.777281974406783,0.5444170572591065,0.41654826478870915,17.538122201190777,0.5054087397056065,0.3740838943997898,22.194345854491385,0.7777123538244866,0.7079412757041658,12.329905850522373,0.8223334970533885,0.7633496260967908,12.043284070530621,0.741055482716504,0.638902166590375,12.968725765817721,0.6557378472754478,0.5543377105987103,19.016223183976276
31,0.0001,0.1259263578677511,0.051263258554670725,0.0746630991911802,0.7908329597370936,0.7079479124470947,9.338101499045024,0.2566593243383086,0.13828082716753132,0.11837849690464838,0.7210779016589505,0.6362922954317922,12.838301962917711,0.8832122205656999,0.8045124423449753,3.7824079894941423,0.850753445301381,0.780421211644654,2.4758730832886684,0.6946799168618057,0.5527140259344722,6.171034792844606,0.5451357193659746,0.41755200765448425,9.819147445783559,0.8014468791020685,0.7485790048915518,5.7941884052969215,0.7741932489981317,0.708329933103551,4.936099102657203,0.8776188272731994,0.8115139199911279,9.42321688148282,0.7932734553149625,0.7335602573164358,9.178544578908596,0.9121861406118945,0.8597922982096915,14.430898630540133,0.8704251222284157,0.8127557343604732,15.692190786090114,0.5507718951165411,0.42273950652455383,20.907026899568145,0.5046163732443592,0.381741320712209,18.236140410283504,0.8733782489177667,0.8180231346501029,4.136135977968318,0.8154761846245733,0.7482328561210247,18.40793850489104,0.7333695494477723,0.6457089670302815,10.05990241516511,0.6147496641938058,0.5077450425415058,23.960481791439
32,0.0001,0.12717635969532537,0.0521807546294649,0.07499560489779032,0.8036542964367523,0.7235372399575888,7.65355772465156,0.24315721428108505,0.1422374315231735,0.10091978228384894,0.6989857229757324,0.6201142910762777,11.59456127416115,0.8992116577716739,0.8322725071286016,2.473007778822838,0.8509327742516121,0.7846372380648202,2.018811257211752,0.6354843521585659,0.5214253524711919,6.203233731027824,0.5648300438824174,0.44679533036715435,7.316947297955285,0.8754988552726047,0.8084837252125864,3.3999906193033493,0.7662071760407164,0.69951071336283,17.018660602977626,0.9100449369438649,0.8375126596505496,9.013993927007833,0.6721182394373422,0.6127202231868247,8.234004506951269,0.8500317008297612,0.8062766280224551,7.718140150254374,0.8707997368265168,0.8197022107662046,14.224281443495983,0.6309983698153462,0.4942865423197428,11.117955821258453,0.4696556663811733,0.3568307050061544,17.632662536152992,0.7907351164365851,0.7520736405810479,2.9202151632918727,0.7710358400497327,0.708086112032316,9.703832770848331,0.8372293822656163,0.7359668642745348,18.38192460624594,0.6263063069363485,0.532631795823917,16.607289777695957
33,0.0001,0.11652316694059679,0.04582866411769911,0.07069450289105313,0.7902167764871455,0.7070362419345928,8.872264280347721,0.24786187705435903,0.13638295277108242,0.1114789238864822,0.7052966238546479,0.6260928592299877,14.025078613309791,0.8924536140618635,0.8315874254614819,2.8647519022586763,0.8718568839145792,0.8019504853510548,4.212725697685397,0.6274942091259873,0.5041156581627316,6.1921259011457215,0.5748548693370676,0.4637441959122008,12.678827258212458,0.8472125863063511,0.7865007555060557,5.35003266304725,0.6464122271631502,0.5936073593393323,5.6587858556633845,0.8314392690674793,0.7686992404371661,3.5312057509367594,0.7560649295335922,0.6757611369260028,26.888374140233505,0.8327606140703181,0.7913337458452567,11.814538625463696,0.8798325516493255,0.8258204808157649,17.73330731541995,0.6309773234375652,0.4739554371099004,12.452332130715464,0.5144150548659802,0.3955131777054908,17.333304138661656,0.9351672476786758,0.8818836773376464,11.542748508447374,0.7873671077856507,0.7277162902906105,9.39420959394007,0.724229348148923,0.618213995616504,17.230378760766833,0.6115693665878372,0.5246297474994442,18.30109490666191
34,0.0001,0.11002929804566237,0.04408593574676282,0.06594336218795122,0.8111481132366749,0.7328125141950407,7.865836413818418,0.2664358241924618,0.15384430790161513,0.11259151771854685,0.7048420710739709,0.6248814456965864,15.075921278642959,0.9126110193019211,0.8426329507316894,2.113846250897792,0.8978298851539988,0.8267690414411517,3.4033659436850274,0.6438762005559489,0.5612913106325327,2.5335059257079924,0.6083812133553883,0.503772001442473,12.359659418609272,0.8745287103767655,0.8149447620441168,2.5856874641231524,0.7584083756725292,0.6901304898918302,19.217881729730586,0.8408201576644605,0.7753982526751197,8.8796181156992,0.6411335689926057,0.5862073026188324,12.392375265791948,0.8689688574737721,0.8192107798088897,10.644900872657427,0.8594357802958621,0.8008822128478469,23.88982587184294,0.6412189866981614,0.4970112579982152,16.681096303077215,0.5445482206503338,0.4162697020146265,17.327480734273983,0.9320441586906063,0.8811220091553161,8.655918479379906,0.7221673732840086,0.6533958230928024,14.350207516211906,0.7751168151317639,0.6708887905144453,10.832117899004658,0.6068321511870411,0.5216249922231281,17.666573748998008
35,0.0001,0.11876311775332293,0.04943946886592505,0.06932364888556611,0.7939178441640142,0.7113351874212701,7.953578567795713,0.2915619684986732,0.16090105582261188,0.13066091192221002,0.6756229840152715,0.5919532207492015,16.48964962047357,0.9103373405997319,0.8420706969408979,2.256001760762385,0.7935087580955326,0.7243150289466361,3.5516792843155023,0.604712484679011,0.47716053819305115,6.078926023967709,0.5584328069796805,0.4367317555290839,16.800543869187347,0.8752589911845744,0.8038791440803204,5.87220983875567,0.771342214579106,0.689858697184433,19.503595464493444,0.8820736901885501,0.8183892377516636,5.195293322880446,0.6376041004318312,0.5753944163118498,14.5467377655545,0.9189195074862233,0.8731567030362056,6.091187879920243,0.8254052503939524,0.7715552887469155,17.645512635362223,0.6136379741675325,0.4689992849215454,13.786305491625894,0.4794154649164764,0.35201120999734514,21.853495272650452,0.8658682853451166,0.8137526763696792,9.930102268725184,0.7500269783101778,0.6808437414216091,19.645937813637428,0.6805344796613741,0.5932732180767978,14.418601955728173,0.589248298415416,0.5049156278557394,18.369694858587682
36,0.0001,0.10739269471771468,0.04155622728136814,0.06583646743492666,0.8269219614838546,0.7475398513422815,6.413279219942686,0.2883818786092294,0.1804959056357292,0.10788597364681868,0.7053466806950109,0.6256804895399033,11.87503474919882,0.9112260009436293,0.8408889421920964,2.3253621302749754,0.8047564612997975,0.7391767154422481,2.5286928495896697,0.6898834308920371,0.5768209934588943,6.18889451217499,0.595560974229077,0.4781646395035993,5.866520590227498,0.9334836537545917,0.8770232565281385,2.177699482651856,0.7957495052796867,0.7346790650041757,9.840279964841141,0.9164200644787212,0.8478228141726386,4.6021617699430655,0.7299614645930522,0.6772931088749957,5.238922520939133,0.8698211946130382,0.8313805677735752,11.426921022067424,0.8358754294060833,0.7857907816592336,15.810617470057993,0.6646333146122974,0.5153902361025108,10.539945457741648,0.5236513089848384,0.3931237169868612,17.42526269625735,0.8555812944848815,0.8112588906830721,3.374131325829871,0.7539783410601815,0.6862705732174952,17.06685825328587,0.7743267380916401,0.6797331098273256,10.67111805885766,0.6032399607073715,0.5109453156306168,21.22312364839191
37,0.0001,0.11063128118277472,0.04439217819284671,0.06623910310902173,0.8061350436201979,0.726030002676035,6.956006050492275,0.27304572733436894,0.1492647821059675,0.12378094466022994,0.6875587014596812,0.6068422030382025,15.342319338638315,0.9264024905060605,0.8655673103564137,1.3451514528644632,0.8608646936013529,0.7937051807784795,1.8759472618485458,0.7221450460513643,0.5790351747990252,7.774355434736478,0.5425837176049407,0.45357621340640697,5.721098540513565,0.8836152213858444,0.8232982040023374,4.4740335935467845,0.7055445639399217,0.6378626666627636,15.32876740975075,0.8225989119542602,0.7664333028681531,3.1873254783944702,0.6389891686577276,0.5739974590269339,18.163133218567552,0.8588310387477119,0.8076280623196456,9.947917373464318,0.8224872751475992,0.7679043379966705,19.428658969150426,0.6361043274556725,0.49515222998782044,14.737219192657367,0.4616186660186816,0.33395511803844363,23.879220808953686,0.8184215167594261,0.7773096751912884,3.682069756660882,0.8063163739963067,0.740147831053764,18.6851457221755,0.7809617961012442,0.6938160618835963,10.499976121613432,0.6620651527109196,0.5535888173421574,19.656582778146497
38,0.0001,0.10836625422216227,0.04211750068346884,0.06624875356448279,0.7859891198852225,0.7038027305279714,8.73394274275579,0.27946945051156274,0.16035698294178485,0.11911246488916175,0.694973335585658,0.61206841104488,15.911698577374313,0.9075690227306913,0.8415258112833668,1.6028940288062352,0.8740161635146658,0.8033179202834801,2.476198647703273,0.6345493478217719,0.5097879451960866,9.986325554114567,0.5705371690480684,0.4594818378670454,6.343493177664945,0.8776781607975999,0.8154956933916536,6.355269502104404,0.6092551586112795,0.5535329644971293,14.382724884459217,0.8172209937413023,0.7409106317727066,6.297306022625532,0.6785094853331534,0.6049149527539844,34.93434900883364,0.8508355239620845,0.8090856065585854,11.0584832249048,0.8421539338098124,0.7888115298024166,17.433107201680095,0.5950991722750862,0.4556075778521866,17.449629857725476,0.55804897043679,0.43007376971982597,16.103887493059055,0.8446404493731303,0.7959740507569767,3.3335888533108635,0.750249737433957,0.6873383824851276,16.548686780832693,0.7603202883801133,0.6620345274122087,13.788044898454439,0.677016066497538,0.5690759309500307,19.071141424761592
39,0.0001,0.10437943950729849,0.04049899684887746,0.06388044291534621,0.8266755511493294,0.7466594982063799,6.706936008711832,0.33864786389245194,0.22673405329107685,0.1119138106171574,0.6572804245535536,0.5806171771513787,16.318946224456592,0.8903034258375639,0.8182716903554234,2.7441771838523374,0.8734479628571382,0.8054483692038422,2.4927684911648558,0.7566780262263066,0.62581834788202,5.548352461718085,0.5232868006066603,0.42010435314989675,6.521389584819192,0.8324449011718859,0.7754946369028699,3.5728102866891174,0.6921482056511119,0.6151397511424183,29.151089326835216,0.8993911606303894,0.8390290708437472,2.9145871113649418,0.507909772899837,0.45555115908334204,14.953599891753475,0.9099076506083736,0.8660883667508613,8.544202793701348,0.8107619690965528,0.7531528049272201,21.361378047916695,0.6063753469412078,0.4791316053117689,15.632352061912487,0.48452103628341947,0.37794985686777466,17.004206675898473,0.9051716273384334,0.8545636495527467,4.227930204858711,0.7220377497582352,0.6612793432249173,21.181181664592522,0.8131322704404746,0.7148786180516016,10.471075965597622,0.6441298992754741,0.5563117796116184,17.88595611267233
40,0.0001,0.1064353657378753,0.0434473252662263,0.06298804061847721,0.8286723513681368,0.7482348245274721,8.299890461122693,0.25311349528894833,0.14171989278553676,0.11139360273123852,0.7030267479899707,0.6161896367969482,16.222986100626148,0.913870195788215,0.8565334331817909,1.794837775890589,0.8772019106843739,0.8101631913209252,1.9457250667064292,0.5701546709458282,0.4553953870737984,8.062453192114507,0.53262173590519,0.4120742653439625,11.273487086582213,0.9145621884660456,0.8471849165524534,4.351158879168309,0.7187259475276635,0.643012592540041,11.263550293475905,0.9273474314742884,0.8702377964110055,2.4191872807951884,0.736584051226838,0.6655060918634367,23.30460791550909,0.9303250778837525,0.8871393630276417,7.995984070044034,0.858983746619071,0.8014469154623356,17.938987082593968,0.6401762302099092,0.48947972330201006,13.036856152322477,0.5493855136993326,0.4179226402742143,16.88166324429435,0.9061179564381148,0.8541125186362075,11.120314270488603,0.7264992107570964,0.6627035471075228,24.65562534254762,0.8268250597389403,0.7257954580348692,17.61833206815784,0.6242118675002,0.516687850463147,22.520242773299607
41,0.0001,0.11299428842058885,0.04495223714254284,0.068042051552325,0.8133049210573012,0.7368948566419675,6.8937360589010686,0.2702018739617749,0.1562644269719526,0.11393744681904815,0.695258205112289,0.6140277115935315,13.75510768616791,0.8696330982370218,0.797355318254155,3.2613140563659715,0.8499010809533606,0.7817673971900384,2.0066486664041063,0.6089472669490198,0.4883610542694657,8.433154890429627,0.5272259401812875,0.4249744394935453,5.372965026442858,0.8940963987731702,0.8366145009688258,2.2979021120317253,0.7560883266240098,0.6757091874316636,16.296250585081978,0.891918459323985,0.8400880988610693,2.4735292880491926,0.6427106764292554,0.5767429777024613,14.2008960026628,0.8927963905880824,0.8471981027343664,10.149635234892072,0.8316764906749513,0.7813140822890441,14.592500147720497,0.6701912258824596,0.5393269985897874,16.412859357419375,0.5021234708188236,0.38362507066429324,18.799778960594338,0.910494028969721,0.8647110391021223,3.008016849382416,0.7891795603943021,0.7179007988171251,20.125072737953538,0.7683624997349502,0.6815037403559479,9.11347668263817,0.663160094822322,0.570187739160081,18.64674936248315
42,0.0001,0.12110573455134944,0.048658924804031285,0.07244680962015017,0.798721912173109,0.7187246322678431,8.135887940632408,0.27891879618314586,0.15978964577539478,0.11912915106786758,0.6836476158229885,0.6062750361312703,16.274171033129253,0.8957938360881155,0.8265961108293515,2.65617129511639,0.8625318693697168,0.7988242815744958,2.1511648800169714,0.5744679663060226,0.4638070709390849,11.870452498186706,0.5847215571721306,0.48108354052095204,13.752002370783439,0.8861224291331459,0.8258351267465511,4.116628102759972,0.6168105500249367,0.5569639569200198,19.755688487589367,0.8696544867852488,0.8023677224047232,5.659570666305006,0.610930551990327,0.546815758601835,25.21973781053009,0.8933310364519793,0.8488032079071824,11.584649777606069,0.843533473167417,0.7949243515932884,15.78914291109324,0.596014071649542,0.44544037801941394,13.777611806624538,0.5264091586041874,0.4065244768749455,16.42859187894985,0.9137390847536468,0.8610403749112447,4.43845587610501,0.751384295062771,0.679921270216697,20.582259030593512,0.7606523862171707,0.6759070663851928,10.983563502355569,0.6728594711924217,0.5851426527479289,16.514780895477546
43,0.0001,0.0978824746914519,0.03794143435936565,0.059941040446298034,0.8292283136856669,0.7523068527574832,5.648553527813288,0.3366345124335084,0.21282971628492384,0.1238047957125747,0.6424107909064329,0.5609944922781969,19.936350299957283,0.9024102734488751,0.8388481372079652,2.8172792088780065,0.858216317900393,0.784218197098795,3.4600928117624186,0.6733015749577641,0.5572796405744874,4.767759665013519,0.5094813422867126,0.4225167020208976,8.013007929616343,0.8732139319464051,0.8115123818005041,2.721246154212029,0.7294973569367214,0.6477548555995442,26.587267726117886,0.9145215530963461,0.8680688120747425,1.3426416580124327,0.5475537014016418,0.5010841337161394,15.086701511913697,0.9086907527422031,0.8696016762363282,4.86580926014158,0.7465528835779578,0.6844949088632714,11.066863272725088,0.6397017891679337,0.4903568458284174,14.112014598237646,0.4957040943903624,0.37528536378399513,19.03093258258112,0.8715587369405574,0.8303300851079137,2.9988082453994864,0.670234822543302,0.5791665111850642,56.7599659873595,0.8504278971852496,0.7524572432295078,11.56286943261161,0.5820458082143725,0.49343526595786813,19.48597057758223
44,0.0001,0.10194252366278769,0.039486002192866285,0.062456521547481984,0.7980129845318291,0.7225270676321307,6.763253579735947,0.2712144351050242,0.16196980548629317,0.10924462919427576,0.7068056010630799,0.6303869455562621,13.945265892921409,0.9105719784625242,0.8400953416800967,4.449674770905356,0.8845356225172454,0.8173927861993359,2.452425681665406,0.565639465974176,0.4814271644942412,5.7738434273998775,0.59482042329191,0.4829387151471375,13.167399200539675,0.8094919078499396,0.7510364405345563,2.319356989554755,0.7529697140791125,0.6837061724882757,16.87894041888278,0.8407570347071106,0.7771359191166629,3.0403057050931603,0.6587619672768719,0.6086205688494605,12.465704968580596,0.9171064369552875,0.8683183185253273,7.7980726774395634,0.8436644759466112,0.7919742133048633,17.499279251376457,0.6085099025208804,0.4683889847478866,16.652073177153323,0.5157576562797602,0.4054703808654719,15.077577046994945,0.9422988099595639,0.8952561026736828,4.434105408837431,0.7507959056435607,0.6856279870853191,17.809877233471806,0.7897283398251499,0.6985582692845922,9.638596481504104,0.653139043469567,0.5673647405102324,16.21092334185962
45,0.0001,0.09582894147296844,0.03773960184785105,0.05808933952462878,0.8334721015851759,0.7555444697070279,5.946784670183248,0.26712725262111736,0.1584862064079573,0.10864104656502604,0.7084535492712072,0.6264001168996367,14.609421436781691,0.8945184061542183,0.8262098966845031,3.0560188919379794,0.8664334173101162,0.7926028028324987,3.1443980669952314,0.7145813413043454,0.6102609763078053,4.070191222239533,0.5796970643790476,0.4716012715091473,10.351323794139613,0.8573139066007438,0.7937920172541095,2.0458465646766015,0.7190413740695469,0.6411557730006212,14.844903774309504,0.9320599768198876,0.8753278723522498,2.87152627931031,0.6846546448201182,0.6241864958376275,15.064131726454725,0.8809070893821711,0.8403046769738103,9.937775239834744,0.8323313527421985,0.7820979621212353,17.598691897087395,0.6823935339575492,0.5340437035987997,12.997633987732947,0.5560913898644556,0.4241458765164068,17.638382312951716,0.9388443616203349,0.8941170441973625,2.867730871912138,0.7940516017024847,0.7293282514867606,18.78243174454627,0.7671581968421574,0.670299570287583,9.727554303821732,0.63532754928169,0.546082501892796,19.45110817776907
46,0.0001,0.09506450141287208,0.036265780509602656,0.05879872071322653,0.8206386324078341,0.7393860456248487,7.669503887708331,0.24767913247210438,0.15347524911164917,0.09420388243256175,0.7416821859760356,0.6697607096372186,11.070590251616574,0.9137941189366109,0.8457990514373624,2.0938858123345008,0.8671721896271988,0.8044864982159942,1.9320457749831812,0.683992156943363,0.5652793083379006,5.85216450479308,0.5229502922952195,0.4388320318365585,12.3902733687402,0.8802140555312488,0.8194546302903869,5.438401416109582,0.8331320912391543,0.7742832430619443,7.0267593698244415,0.8745709304132431,0.8039652801936208,6.1272341849387635,0.7894888790930319,0.7280251849902016,7.560827240248713,0.9223387581490835,0.8778686131388849,5.082592989310757,0.8765670346155815,0.8258638383350524,12.100968446747634,0.6070491784152476,0.4686158238090479,17.031508872049308,0.5752047211771756,0.4512856152850185,18.408112367347854,0.9400024022175751,0.8955153914109973,5.474686042728821,0.828043436078097,0.7720768545035652,11.645789846068592,0.7431474586563009,0.6385902663805876,14.255557279401826,0.6408988436828271,0.5632324108694139,17.499945598971973
47,0.0001,0.0959040701712218,0.03778417547379628,0.058119894603223525,0.7968959688821315,0.721711196650318,5.532523221160465,0.2985034256693956,0.18493059759402802,0.1135728288232824,0.7081956768461488,0.6289510814114876,13.22515859052004,0.8745786993634005,0.7986328694210814,2.7253235376919602,0.8506378320992134,0.7814926330591832,2.1746560826337173,0.6330288904981705,0.5231271101288182,4.587207576712209,0.6149247544627021,0.5066559549922358,7.63531682399337,0.8589630153697946,0.8065176516294609,2.128371950589089,0.7395063253256834,0.6720847534796688,11.73999859783001,0.8146507417391001,0.7542463788197281,2.5427212144592053,0.7147918577912853,0.6481021159174325,14.28482984659727,0.9000091024617443,0.8583574626848435,5.90973336766753,0.8579897255679284,0.8008467289826694,17.609209539389266,0.6156084954419355,0.48791430185522494,13.57337885251062,0.5189299361959798,0.40210128696239966,15.801203016925404,0.8639103406818118,0.8267406488858637,2.08870687356237,0.8034447724104792,0.7374659784595258,16.79544272006045,0.8144184655010954,0.7181531497775233,10.70474239609074,0.5653402109159196,0.48285919943878625,19.76061209673083
48,0.0001,0.09108314221426408,0.035860126796128315,0.05522301513533265,0.8208702393987463,0.7448977739598872,7.616794184476516,0.2743598560828383,0.17360936992107232,0.10075048693664829,0.7186281908948866,0.6428566744754783,12.289934756263047,0.8899696827187071,0.8316760596999029,1.4726101372909899,0.8541361844333337,0.7905394816038072,1.916980288680206,0.7045569988532701,0.5874782017087941,5.4161598487166165,0.5717149223240924,0.46634065197859237,7.721676748895448,0.8161297448596365,0.7697988248695381,2.141805523174491,0.7532818050824752,0.6905729223553131,12.27653791120443,0.880957419530213,0.8170662306764795,5.273590472347551,0.7201340366556567,0.6600177373224329,14.455599890862073,0.8881269234668482,0.8457305033205116,14.085457176199741,0.8662540162329331,0.8130809379498809,18.763163059575753,0.6880275504623924,0.5412317714152981,14.695456845270314,0.5013160961075446,0.3898873049452726,15.123457462987844,0.8672338441662102,0.8223812354061537,6.272497640509932,0.8323776979337888,0.7679346608772788,12.465131450891189,0.8319597511326925,0.7438193645824205,11.576775832302491,0.6498107683892684,0.5644796987712484,15.596931237007444
49,0.0001,0.0938159932067052,0.03751302207939196,0.05630297082430846,0.8325337265464969,0.7591125052391381,5.4998358226421855,0.2872158290111118,0.18377462465924244,0.10344120511328991,0.6949934328112146,0.6171521725185121,13.556610697494808,0.9079012703370862,0.8474741540065638,1.2945861773165386,0.8575172727116149,0.7869006159290411,3.013531638095048,0.6883458748246434,0.5916145897393915,8.736254213137105,0.5075961273366825,0.40390584034066707,12.163569427153782,0.8514867338249122,0.7932218864017058,1.9855728917016642,0.7599473887443923,0.6811688294601352,16.81105127332124,0.9207534318347891,0.8634803816340139,2.8764432232916834,0.6714833218271646,0.6188200322509813,7.477538792582707,0.8703825054871435,0.824146224379245,6.153436875704808,0.8438824632241197,0.7879917584039265,17.99874319892982,0.6499883198746436,0.5116306877986068,11.353468955768678,0.5261075103522285,0.40756853951133193,15.79462161442222,0.8963840275479875,0.8551027448916232,2.9828545591298337,0.8029319458057239,0.7404163580338207,16.57521757724758,0.8750276486407698,0.7862293730619544,8.61606968508717,0.5904814324877905,0.5104454062181926,18.61861205820607
50,0.0001,0.09907845458724501,0.03979896884108191,0.05927948564439203,0.802659753077734,0.7264509505218244,5.538952255503304,0.2962538745800606,0.1839203920315852,0.11233348162293587,0.6956362563141396,0.6217016005846661,12.96497515898498,0.9117664416183203,0.8420953856799526,1.8988373351096453,0.8333359990256795,0.7702652436003319,2.3100886763940043,0.5307111552652226,0.42600735406993334,6.398599081025373,0.5712052756501231,0.47169175085105086,6.255054557649338,0.8102849905551861,0.7515418056415828,2.9900646479016224,0.7696346381778819,0.6994339296108917,19.621084937159665,0.8600161726465785,0.8003919674342176,3.2034784921579194,0.6300031538564205,0.5796770067459214,8.444066477383656,0.9166634171655997,0.8705444028692042,7.3310134581059785,0.8399038481512162,0.7940714700857097,9.307850813673486,0.6660107679957463,0.51899549683062,9.828190807124336,0.47590063684339357,0.3676775791311524,21.40685973322188,0.8955300523621147,0.8585568292689856,2.624248450569239,0.8084622998875313,0.7437833289165126,19.037558490300583,0.8302950270131031,0.7434743623800997,10.037185772032318,0.6366441989208711,0.5470124957357575,17.337237586097245
51,0.0001,0.08866209219181483,0.03451926249709606,0.05414282967745719,0.8132180098704666,0.7362486544019848,6.934440922142478,0.19457695381368245,0.10000323016391886,0.0945737233233391,0.7583954117156608,0.6837376445951238,10.82069260791943,0.888915507024768,0.8247335988784525,1.904012670011768,0.8650043734877096,0.8012803847374396,2.1740510158629136,0.6155019772227569,0.5104340207464904,4.568101666039205,0.6422783704376457,0.5278057334032626,14.369437379213647,0.8087092686882322,0.755645580743295,4.536597334788694,0.7984122748800901,0.7478991514452165,6.50912388106582,0.8738598204262628,0.8092718694325166,5.533692569820747,0.8066158353325058,0.7476043900406371,8.552085143269178,0.9328608113370039,0.8907109213201742,8.58876230869589,0.8744011362640702,0.8261962703452873,14.313006900434862,0.627977583424245,0.4750613133533741,15.471585063734757,0.5724869289339352,0.4516381784375351,17.200566857356854,0.9313060145957636,0.8938683625210313,4.434072977565659,0.8448346160054897,0.7878914471158999,9.461235780592096,0.8266130962447003,0.7302635682205452,10.438702786483104,0.66312975838384,0.579585601235712,13.986033905560058
52,0.0001,0.09684902023905922,0.037648458959499025,0.05920056134098585,0.8412871340471761,0.77145054713215,4.709188903261146,0.3040903417171537,0.19520751604327027,0.10888282513264946,0.6832975626763806,0.6092135412236719,16.323198436070356,0.9146775681466548,0.8488556019132432,2.278145037426701,0.8985322378020221,0.826697387664924,3.9474856258236874,0.7314949695856451,0.6426463098893629,3.2443472434821152,0.5367413827184246,0.4499905501936998,10.152290690661262,0.8636001199232182,0.8084548671112172,2.2427464245727804,0.7141782836886181,0.6444817671484538,23.21279288833827,0.9133570475499891,0.845940899185973,3.8103458868246025,0.5615139278667582,0.5104350505463549,15.703436481145571,0.9310993469407665,0.8931284114497292,4.672008546563414,0.8143664323672756,0.7641334876802162,16.70666787089458,0.6636735670201379,0.5305955005439904,8.610814439158878,0.47100523239535724,0.3690782627725953,16.092727689583295,0.899548392375961,0.8708046024185033,2.7018961667558026,0.7987903201609429,0.7246684304550913,29.87534856339415,0.8128460608350359,0.7311781845451812,10.113207481304874,0.6712526844116461,0.58422339332804,14.894837678722013
53,0.0001,0.10287002040271213,0.042999851889626045,0.059870168250087806,0.8316607904659328,0.7541468181330064,5.862870494077201,0.2266801244547646,0.1221153020865648,0.10456482388497311,0.7158134445522948,0.6364073825124131,13.303998267689826,0.9051741867749074,0.8415073478576829,3.422866623178198,0.8613171941565622,0.7955317467847212,2.085363902073126,0.7741810284128398,0.6457377552387604,4.686642399777792,0.5773199953353291,0.46672964533292965,11.19703291103256,0.8928121565282107,0.8301702147975527,5.373106293473209,0.7599835153268776,0.696956047585174,14.394065691947008,0.8272899891833866,0.7726049082625978,2.126104255955138,0.7103490091086354,0.648772191207626,14.217684721946542,0.9025396385857054,0.8652629992935987,6.088923993294907,0.835666968711726,0.7880307821835679,13.219184598248646,0.6858990560741969,0.5462515462124001,10.254918953161917,0.5520580601746826,0.4348625102672291,14.26839504856486,0.9081933881833076,0.8654467393383877,3.780887336930059,0.7448502081077073,0.6778053869598499,20.988681788231034,0.7571968799849077,0.666193034063071,11.16951409684639,0.6849626054968386,0.5825707497782074,16.061577479474817
54,0.0001,0.08382738209730052,0.03191223260418935,0.0519151496945141,0.8255678263067274,0.7494973658675221,6.68304939689016,0.23894905988497936,0.14162373752238708,0.09732532165754511,0.7338049750284281,0.660082996972283,11.711778796823214,0.9169007964729491,0.8505912513974428,2.1262964481747475,0.8633731617446533,0.8011906535300223,1.7827161869273451,0.5899264415477682,0.46426072013865105,7.910736015531975,0.6291628128032177,0.5228771540019393,7.056158321821157,0.9283357167183639,0.8733223882470867,2.742486028791664,0.7969677332334462,0.7367866978824843,12.066876125080267,0.93041061628824,0.8727889789280999,1.8092358428415125,0.7229918428146711,0.6714592374920133,8.254869376627312,0.893079443639223,0.8469948195369454,5.744960648227053,0.8537599916425471,0.8058928729285818,13.209241312007817,0.6458160187993749,0.5155748329103013,16.306308876448504,0.5485110312031043,0.428337228228891,16.03500039408919,0.8835205772016068,0.8411688740401124,2.588617476602523,0.7952115044144058,0.734535434155054,18.596550444424782,0.8165529997862944,0.7312770617415371,14.2357538385033,0.66046172237138,0.5795846975592774,16.692818213607833
55,0.0001,0.08063845727718622,0.031223619446925546,0.04941483780140116,0.8279589307026516,0.7508954212279044,5.55300021485683,0.24842777139764047,0.14881072662080674,0.09961704448891842,0.7141490473444569,0.6381506256977056,12.443527296999909,0.920268925095236,0.8562428031389995,1.8627277183048998,0.8852946430021094,0.817627042972605,2.067145052218305,0.6623280318615132,0.5420581243327424,4.987990723234953,0.5991418500113936,0.4940007389671114,4.684954456857537,0.8844800856764182,0.8214967256662621,4.633399151947303,0.7094989575625551,0.651868411059526,11.50384990799755,0.8938172295939616,0.8356303161344252,3.1159466697082823,0.6995638502591497,0.6344206103195354,17.772219598847578,0.9314171740276245,0.8871921771935262,7.536314499644853,0.8537622118800191,0.8029687412866425,12.923279878876453,0.6594191055556723,0.5175008596292369,9.959762190074244,0.5173516949399577,0.4027810716627342,17.18324697141711,0.8651200927573259,0.82686958935579,4.127902643121386,0.777470829600415,0.71534126983049,19.145154324608058,0.8068208010534613,0.7201727743722525,8.199958122818721,0.6711083415000567,0.586197119483001,14.268368185176682
56,0.0001,0.08352824424906977,0.031375134085716586,0.052153110291950314,0.8001522745247773,0.7266013321958151,6.394408497434581,0.2890115903611907,0.16752449341726824,0.12148709710668393,0.6898692328736011,0.609216865225312,16.964782380569197,0.9020916509209387,0.8377230647402242,3.1357870571375908,0.8049377387839095,0.7419703222703377,2.2260779960078803,0.5576749881028262,0.45628260710246804,6.163801210039129,0.5147881167123999,0.3807913011402608,31.42345518314778,0.839411834150275,0.779073478897254,2.213433991493736,0.6542920332173229,0.5940041069534665,8.308740223570174,0.8702387041152918,0.8047667529570802,3.786719020441866,0.7589539423738623,0.6785928492783048,27.8625072262914,0.9531560819013661,0.9123412799239192,6.4923882052989095,0.8683009753829473,0.8097401840042694,23.248965957738374,0.6086158943825224,0.4752408952059774,13.443996512474698,0.5068792150814919,0.4016764321591034,15.654218763409505,0.8850554417789607,0.8436760386831735,5.3821017541342915,0.7591305134486686,0.7028053468665032,10.445558405393122,0.7849736008460374,0.7037065400564247,10.537040228456425,0.651671327988207,0.5641543791302507,16.548735288995324
57,0.0001,0.0855334788269579,0.03260361294666542,0.052929865923048304,0.8278822586529496,0.7469514495253481,6.567807605924893,0.26847146305289593,0.1603632681727727,0.10810819498681444,0.7129034974501849,0.6341654481354356,13.740702029684321,0.9146202690595039,0.8483305180851919,1.6940891792029478,0.8816292345719882,0.8137955617211282,2.5155492819239473,0.6455597874471468,0.4898617777958206,7.537587605163526,0.5640321468635925,0.43460792300040624,12.86538417263747,0.8645341746318649,0.7983075530742249,3.259971800511649,0.7220647352097951,0.6640451225123335,13.347814975874762,0.9073659674693877,0.8584990048591451,7.977414170521768,0.7343900742075441,0.6722022777241475,15.665917844379075,0.9293911418845994,0.8857216196796764,5.677779138202782,0.8435396000853562,0.7928817345097274,18.154972792560546,0.6661325280717028,0.5159924288467403,13.473799173970889,0.5287226969604787,0.4210166077591701,14.000819252096425,0.8287869343822739,0.7810424455137587,2.4384346678476647,0.7815510757300015,0.71379784835832,17.465236669975017,0.8666672662771175,0.7978562483482265,10.483385111977917,0.647298415972722,0.5609765094982522,15.909921248027334
58,0.0001,0.08877987502255992,0.03514073972217855,0.053639135319544014,0.8496439076878325,0.7768288020395113,5.795559617556329,0.2589726650326249,0.15375432812389042,0.10521833710277415,0.7244786463801909,0.6467733661324324,12.235505543577549,0.9222421957142409,0.8580975143182571,1.8245185889690692,0.8822741534449553,0.8212905007908826,1.86860121861643,0.8441385334544298,0.7382687944047804,4.9282347354555265,0.5865408096093344,0.4637245566705881,6.945150717302071,0.8668011276797055,0.8113937038989623,2.0684473326840007,0.7926767722891038,0.7270571306950502,14.315054153001068,0.9283844186598382,0.8683454939152122,2.5492076634303573,0.6974574974257284,0.6426822411815868,8.708190616299927,0.8532852416877486,0.8160781618761898,6.74327015687155,0.850894939134667,0.7998954456911654,14.244329599218528,0.6442002103611015,0.5151609902709083,14.651868536799459,0.5381977791107397,0.427842675635839,16.060737059526247,0.956141247909335,0.9177035444274487,1.9868338383431827,0.8044871544353839,0.7317963381991632,19.822949936055355,0.7819582860362605,0.6895822132043311,11.612096087897479,0.6433000655916148,0.5598980401951839,15.919031048600772
59,0.0001,0.08427143322502197,0.03197005326628896,0.05230137995472869,0.8562922038447631,0.7847077973268117,5.952566176458128,0.25648523556892355,0.15244848262150332,0.10403675155010911,0.7198586852890693,0.6410706823683678,13.231263136119544,0.9179175482015814,0.852368911130919,1.7899708804188816,0.8725897614965094,0.798287571044568,2.9717424968734076,0.819084408617176,0.71294442596014,5.405945607566254,0.6323906356233382,0.5277796769824687,6.174862160736215,0.9254476560109446,0.8653759859494348,2.4027561084900624,0.6533001677812504,0.5987624855463454,9.171284164095432,0.8938775408281355,0.8392168770478866,2.305453962463486,0.7317153059595681,0.6547167653683793,25.44974341963329,0.8756907523727515,0.8368496809037858,7.399662256053283,0.8706522833544111,0.813538180633042,22.92722541363082,0.6702880256696037,0.5300129554140691,18.538077271823646,0.5604204228539367,0.43832882756864605,15.89170527825648,0.8606365277743101,0.8259530100838872,3.1385995992421107,0.7481343005043284,0.6966527769485427,9.592469997436302,0.8873951712836023,0.8149405321243716,6.6400637256073,0.689666604739212,0.6004991748549509,13.67107215829441
60,0.0001,0.09521858209164283,0.037586522767620006,0.057632059434843105,0.8326243262106336,0.7580329084282671,6.284523373802361,0.24581750949351883,0.14985159162989303,0.09596591798721679,0.7327396228240586,0.6586457700059392,11.459072751953073,0.9264284779088289,0.8669549675141246,2.095974066649483,0.8562640544147034,0.7920926372324966,1.8930614192749193,0.7984661135787765,0.6835571397281479,5.348449403571855,0.6437913205977481,0.5412785175269804,5.302290478104613,0.8996762627511952,0.834972510499625,6.851592054737124,0.7723584236587039,0.7121992043054388,13.78990027595098,0.8284956189151793,0.7706932729951701,2.936109630693814,0.7326163276601517,0.680156081562804,7.8699306834833065,0.8308136421871396,0.786876529917681,7.912110668623186,0.8858772486110309,0.8339282873404101,12.93299433463247,0.699160317957645,0.5633501765452156,12.282808269704589,0.5480936285387888,0.43278953017473815,16.696790720925392,0.8644715427704724,0.8316430005774843,3.2856392042587133,0.7706655462301302,0.7059672918661435,17.035652168778807,0.8134826336158325,0.7262156696486878,9.563503692180118,0.6522504328812121,0.5707546100385013,16.15196193447411
61,0.0001,0.08032959489224648,0.030272697951443297,0.050056897110522976,0.8495494546407321,0.7761262712373058,5.680866337910748,0.27406449096513696,0.17368706876867512,0.10037742240107334,0.7010343704157143,0.6259361224938191,14.328292957419308,0.9211578662278399,0.8575754950111636,2.3094823526651376,0.8870051163771971,0.8196587171746275,1.9971840992744943,0.7425154188497436,0.6274511173819973,6.2923162681400715,0.5655427280802674,0.47829189879443335,4.332045616384195,0.8031657177037782,0.751968703000258,1.8944438415410327,0.6245352333971685,0.5740447278844795,13.524711346357769,0.926704922911893,0.8655866366465617,5.214178679076654,0.6860370111510826,0.6152367507818365,26.232857909938833,0.9302913936504278,0.8904701506374262,13.078381020866777,0.842318714626734,0.7958824037832535,13.025806824544718,0.708091623593787,0.5667396821561983,8.071884245810255,0.5828463122099405,0.4586095059609935,15.860224528694415,0.9225923919594976,0.8899594834392305,1.447243975655545,0.7585540771445916,0.6908946961124057,23.91596520252971,0.841876302228889,0.7592589016256105,7.139000319530514,0.6614357703387329,0.5748702794585241,15.737548131630327
62,0.0001,0.0781809269092741,0.030826054896540153,0.04735487209090704,0.8416370067801727,0.7720665298664338,4.122638952795146,0.34365304533659524,0.2384784079394446,0.10517463776549059,0.6841940658202867,0.611183798732,13.931891628017219,0.9062126132300605,0.8431243125888221,1.6581513921522277,0.859419543453599,0.7933292666838937,1.920074256316156,0.7207672591370401,0.6116131482734609,3.56490320093393,0.6233782209815908,0.5226013784334285,11.164263490270509,0.9312524370634669,0.8755489534666243,2.7447405207794757,0.7273279081610531,0.6557204677101622,21.84515492084834,0.8486209194207869,0.7986143684595454,2.83828817263324,0.590013241619173,0.5379838617733459,11.046653729223827,0.9520340166964006,0.9116261961018519,6.495810375256892,0.8309489934049473,0.7782482604283907,17.42265963459724,0.6546340667104795,0.5358531908412458,6.055253302009521,0.4772860123240313,0.37023804254314335,16.290731105813876,0.9087883377110639,0.8734581492075739,2.182447504798225,0.8039659830884017,0.7385877055053502,16.103796110951755,0.8107864042720831,0.7266939199923449,7.441517153797656,0.5612126235294975,0.4927614067782858,15.661799776116055
63,0.0001,0.07849254374010034,0.030708294856820115,0.04778424887555848,0.85697996749252,0.7791916602325626,4.622998967330466,0.2651439263820753,0.17449263800575757,0.09065129062902107,0.7211158055217808,0.6485135991698094,11.116344293668124,0.8992978584684064,0.8334739230689585,2.1197080326691555,0.8672514680500176,0.8028189936057722,1.9944166603358815,0.7591868039044992,0.6265635725294807,4.216433962890735,0.5697399725321655,0.4715298698699097,4.408310142918762,0.9051492351567907,0.8475628162173816,2.4117506468016074,0.7816012044347407,0.7250200104763325,12.903365635596687,0.925594282917442,0.8642678359114435,2.020720880390962,0.6856047762334223,0.636258626870321,9.236614030735153,0.9338052542511395,0.8952278256291878,4.855243113203954,0.8439586089124455,0.799950698916294,13.21188530980571,0.7345189914168164,0.602496589247033,6.555997383038628,0.5543227562480352,0.4373174066251,15.57776595869824,0.8651460422359537,0.822017899426483,3.235645579351107,0.7933526240316248,0.7277208747631219,17.20161671159624,0.8331412715891133,0.7419228198305333,11.56849214029758,0.673095033731795,0.5874923122316245,14.396779899658322
64,0.0001,0.07779490555339415,0.02980345719782956,0.047991448551901426,0.8525400580838912,0.77748899433265,6.321308801386391,0.25410495966860586,0.15054879815932815,0.10355616233558679,0.7128791741975913,0.6342140481303647,14.214423012586657,0.917302824119349,0.8506819142604918,2.1282870528763964,0.8804014553802146,0.8114913074088249,2.200458480096148,0.6820470385070112,0.5839503164990695,2.7419975031806207,0.6355951400106185,0.5158931133899249,5.756837125395488,0.9158412173659513,0.8545019877292086,3.0513539033754404,0.6627283862755952,0.6070871808462119,15.743912659439927,0.9395294296728958,0.8875446664011154,1.9285599943440064,0.6791542963785204,0.6168697085130448,24.35713038341377,0.914402628205568,0.8675117070596118,8.8160438943665,0.8521507682859353,0.8056604601949884,17.21079957357711,0.6630671109600952,0.5193565029626255,13.752476918615624,0.5807760295124321,0.4573999645194695,14.739649699581584,0.9302231656314529,0.8782201560378764,5.331000151162089,0.7663249455549527,0.6970617189077413,18.22145525992623,0.8579070502088064,0.7781447037112003,12.820750993170451,0.645902372182461,0.5622489312627121,15.48514091926301
65,0.0001,0.0794511941314429,0.030874493209709374,0.04857670108553622,0.8456175304889195,0.766722748353542,5.68183204399188,0.25572930565135255,0.1636951554271248,0.09203415055645212,0.7215438843359046,0.6462810510213421,11.555806357786242,0.8891972158276795,0.8279169934135927,1.794681633491877,0.8461437901695011,0.7776860897213981,3.2379302180339846,0.6678543510087358,0.5246278297046512,5.497782032911382,0.5608912157538368,0.4764641189105193,4.043050336030742,0.9024390329088383,0.8548207723167957,2.1282540609666056,0.7806520933288441,0.7229634095556312,10.824028398823705,0.9158572919134338,0.8489574044408156,2.7063102672160726,0.7315238488228158,0.6761208144547176,5.961633737174757,0.9094158595834365,0.8656647502872915,7.645175446590324,0.8534433931300942,0.8003209096633503,16.667408316950404,0.7313379460164936,0.5953354100737561,8.786468553409854,0.5225329638677145,0.40804672128855496,16.423330389003674,0.9441325192470001,0.9010650532504769,4.268949455778243,0.7864918759480448,0.7223930757387699,17.039537079216363,0.8047060274057389,0.7153937733409572,12.627034901570687,0.6906718936663854,0.5862532688377956,18.249532387056302
66,0.0001,0.07626556986249632,0.029014061617918082,0.047251507976710475,0.8629629774455909,0.7897918683666454,4.892533203929773,0.30751354651079055,0.2052463217072463,0.10226722192304323,0.69902391606981,0.6276973121041503,12.826817950247015,0.9328362314127581,0.8768681389496266,1.6030691040592202,0.8369581580294398,0.7752852993032119,1.9369621734348905,0.7783001151917073,0.6561292922708467,6.114960242217022,0.5441526107187039,0.45388037141770066,4.2445037745606085,0.9265213653949382,0.8648574676649565,2.3350015592034015,0.7726458537964552,0.7054825776823445,19.28316985722882,0.8882243491310454,0.8244098120188404,4.79535333073833,0.6484099039196028,0.6018973605670058,7.449353204619858,0.9105124225268876,0.8724215088127307,3.9899782076790475,0.8331313207240552,0.7860252311686824,13.735796396533662,0.7143450486953205,0.581256026218688,9.58106637975678,0.535545128152742,0.4277322175184607,14.765624338998942,0.8974927568132102,0.8688560443038372,1.4900428534452093,0.7662133320962928,0.6980004793741807,25.969051407334344,0.8554715303988609,0.7735366566936369,9.230793954339173,0.6551350211211878,0.5732749598016156,15.230082449265002
67,0.0001,0.08519018631369457,0.03362320016362368,0.05156698639405248,0.8184733436175711,0.7451167073318735,7.531132329952061,0.2846241133771419,0.18410578131722988,0.10051833221935952,0.7015041584895043,0.6255248958991977,12.654345052347402,0.9069391939938,0.8484666298894381,1.820425774894077,0.832409452078083,0.7696341165827758,1.8954637721569247,0.6386379752566084,0.5515754370460324,8.022210715074124,0.549086556142687,0.4353385943169369,6.941606914016209,0.917416733052306,0.8515336794049385,3.7758831257690697,0.7341327349688901,0.6626697284567199,18.282439126443638,0.882606883886171,0.818479602611318,5.2973260300531235,0.6423385224377952,0.5930923513712362,8.995558653589963,0.9107268724100789,0.8697534458039766,9.010954027636041,0.837922935895048,0.7887167497911113,16.646024230282634,0.7226450343745294,0.5800539978422241,16.395788392076152,0.5567527551420767,0.44048202983959794,15.215145707476175,0.7866279804094842,0.7493613776106094,6.2419377372654,0.8031121662543197,0.7363445980963549,17.7391438041188,0.782186075557591,0.6917094884464513,9.684532836848502,0.6562781449971353,0.5779209987388484,15.519378210694878
68,0.0001,0.07654954730424253,0.029377702961119932,0.047171844332305264,0.8358343593020424,0.7594269588853219,5.61506693834033,0.23088490959752545,0.13735626061674244,0.09352864915676111,0.7352301825184472,0.6627053993368934,9.70616631908733,0.9211256712551804,0.8570740086924763,2.1625953123073507,0.8183031753779426,0.7576647678214277,1.7788106043020662,0.6680349659333255,0.5210112460312755,6.830247048769001,0.6092073851908797,0.5097310405770633,5.080215072628992,0.9187305494376566,0.8588265158988173,4.750810001292521,0.7913320440698852,0.7367285169870413,6.612137301550074,0.93758166309372,0.883345591510791,3.1794340295000643,0.8293131878702606,0.7810249588954989,3.965464953483886,0.9143087976759022,0.8754380772273979,3.874638399140226,0.8765948915608887,0.8240362677129287,13.93994229918701,0.6633107830913906,0.5411528476767214,12.30040158171695,0.5154381804788705,0.40380718951824274,15.552964980336215,0.8679774985801118,0.826569742598939,6.033636059393522,0.7358602879012522,0.6705049505929829,16.46357121317874,0.7956049453490525,0.7119976414461564,5.788773074603006,0.7057923076975978,0.6181455025899617,14.256224128031668
69,0.0001,0.07539505175129642,0.02852121957452787,0.046873832247801006,0.8493974578461783,0.7772824875277411,5.174314088326012,0.2857341160332054,0.18893809073126133,0.09679602690003052,0.7059381810219993,0.6356830315027984,12.03452849415467,0.9229210714604396,0.8617592992769766,2.476935173022991,0.8666850824986475,0.8061218723168073,2.0273357888135988,0.70664573082935,0.601497081570689,3.3780947302464974,0.5642878373422217,0.4799878599861054,4.114170220248251,0.941357463898761,0.8912559942815057,2.2448058530755515,0.7288990651249303,0.6645275788335526,17.71257162766568,0.9168342108642391,0.8492114542771728,2.21940876021364,0.6376588891916577,0.5822731022559829,13.166622724390637,0.9223000606214464,0.8821018902056934,4.93676388547928,0.8243050163202671,0.781607939818699,12.533052636022427,0.6612051129071873,0.5291148329743866,13.225467923812985,0.5319948767520691,0.42336761471041473,13.656330046969881,0.8952582084552507,0.8494154729508643,4.393439969920117,0.7616881284667105,0.6992119865108144,19.79648434936283,0.8286578037327518,0.753903874684641,8.519596410837037,0.7319865524794915,0.6483662975900101,13.269660559764068
70,0.0001,0.07736663874100973,0.029504927491955435,0.04786171135955758,0.8368696146154733,0.7644509417045104,5.598123402843138,0.3662849112575825,0.24665148745667093,0.11963342615802373,0.6524601371146547,0.5743581069020989,17.976926755202765,0.927029190550957,0.8670388333867906,2.5809350662274166,0.8641291962784161,0.7975280998646103,2.8841987880972817,0.677385685203573,0.5814163790999456,3.8920422187422745,0.5284600160349093,0.4332437236466238,5.68483397923813,0.8645909993068938,0.7989462036677515,2.7539729325723776,0.6480064606868057,0.567634406206268,26.941523415135812,0.8673709774701963,0.8169397319925631,6.097827082476882,0.5488458688947112,0.485963335618954,28.149544065799173,0.916990716378887,0.87399378762643,6.252102086760214,0.804100144116124,0.7479740934554834,24.769622538809568,0.7199405858934437,0.5824015756878058,10.363028990388884,0.4369100671175702,0.33660395250250114,15.850743605644958,0.9128493305432008,0.8796507037068326,1.848742520050276,0.7451912320572152,0.6783447193729696,22.08930802099718,0.8087994315766349,0.7152203184679641,10.996336325526773,0.6440381117314852,0.5475725245493811,17.445639627900015
71,0.0001,0.07837656177093406,0.030279330629562888,0.04809723099926066,0.838465762364691,0.764540950361785,5.238465940540677,0.21653239393781035,0.1267801199491861,0.0897522734155004,0.7570501526571324,0.6799986608689426,9.551254012919035,0.9240927988386051,0.862875313875059,2.738152612142476,0.8518947766279079,0.7830261931832453,3.2209684143896484,0.6440745356831624,0.5378114677392933,5.473516737079469,0.6218577880991462,0.507412852946441,5.304760234041825,0.9336988837883674,0.879626634954924,2.4971360881806413,0.7741022412544137,0.7159608817146856,7.526511471575836,0.8601731063611069,0.8051753117860356,2.4544579788064853,0.8044348630706248,0.7457621116080982,10.13064756666568,0.8813591920378527,0.8395800750136808,5.910104551019039,0.867619484781947,0.8186102302722702,12.81676331505678,0.7003613387910068,0.5649155011335251,9.019171823509742,0.603222040585711,0.4802599060720496,12.970286103002904,0.905150795395402,0.8522093061598712,5.086189514070674,0.841040045264236,0.785621675491359,8.635613425677388,0.8588154480220248,0.7741339922318918,8.728998219516892,0.6922299815730723,0.6033354356633907,15.804481572942205
